{"train_loss": -26.43333625793457, "_timestamp": 1691377636.9078856, "_runtime": 127.33773446083069, "_step": 3, "val_loss": 0.454226016998291, "_wandb": {"runtime": 126}}