{"train_loss": -7.241244316101074, "_timestamp": 1691455053.7283554, "_runtime": 98.87571430206299, "_step": 3, "val_loss": 0.6703904867172241, "_wandb": {"runtime": 98}}