{"train_loss": -0.28976666927337646, "_timestamp": 1691457130.7714849, "_runtime": 95.26415181159973, "_step": 3, "val_loss": 0.9431344866752625, "_wandb": {"runtime": 94}}